"franchise_id","franchise_name","user_name","user_id"
1,"NickVitale93","NickVitale93","691333753628360704"
2,"Mr. Unlimited","aldo216","650148989739569152"
3,"Fuck this league ","Bigmovemaker","652362981904064512"
4,"Feel the Byrne","FeelTheByrne216","659459514164146176"
5,"Pitts Creek","grandslam841","449457084522557440"
6,"Picken Bijan","jeremandle","691395878015012864"
7,"dkro23","dkro23","652353819707023360"
8,"Super Luca Mario Bro","RyanMackay33","691449829489995776"
9,"moemoe7144","moemoe7144","606628071889514496"
10,"Mike Davis and Friends","alexryb","697252810680508416"
11,"golden boy üò≠","angelottico","701457559155994624"
12,"Tug-n-Rub Express","csumthin","691388777523941376"
1,"aldo216","aldo216","650148989739569152"
2,"moemoe7144","moemoe7144","606628071889514496"
3,"grandslam841","grandslam841","449457084522557440"
4,"dkro23","dkro23","652353819707023360"
5,"Yoga-na-lose üïâ","YogaNaLose","868919083553435648"
6,"jeremandle","jeremandle","691395878015012864"
7,"NFL University ","Bigmovemaker","652362981904064512"
8,"bakedbrownsfan420","bakedbrownsfan420","658002698502754304"
9,"ThunderNugget7","ThunderNugget7","869719433076256768"
10,"mattleitz1","mattleitz1","869734424546279424"
11,"Lone Rangers","dvnrng","869735170834649088"
12,"CFeezle","CFeezle","870039876832296960"
1,"Minnesota Vikings","TheBigBehemoth","467047412628713472"
2,"Chicago Bears ","Perry95","456324498128367616"
3,"Beannnnnnnne","Speedy09","729803351860080640"
4,"Cincinnati BunglesüçÑ","69hers","597978205525172224"
5,"MiaMi DolphiNs","NJDeviLL","574722608504483840"
6,"San Diego Chargers","aldo216","650148989739569152"
7,"NY JETS _GM_Joe Douglas","ThinStacks","590077840599330816"
8,"Lions ü¶Å ","Machchiken","734145200825430016"
9,"New Orleans Saints","thatdoggikid","547239713299021824"
10,"Houston Texans","KoraDad","735329765678022656"
11,"Titans","goidness2","667790114281304064"
12,"Niners","JohnnyRoss23","725546461206482944"
13,"Ravens","savethepigs","607749596885622784"
14,NA,NA,NA
15,"Eagles ","Sykes2233","567443531834929152"
16,"Tampa Bay Buccaneers","waybackwilson","471185287452553216"
17,"Atlanta Falcons","RiverboatDave","462028117192470528"
18,"New England Patriots","KoraMom","735337639514927104"
19,"Raiders","RaIDErNaTIOn001","716856109100515328"
20,"Denver Broncos","mpas28","346817292358942720"
21,"KC Chiefs","dmichaelwill","683055868962512896"
22,"Jacksonville Jaguars","yungcrit","539975774408081408"
23,"Pittsburgh Steelers ","mbgutt","599425595524304896"
24,"Kbizzy52","Kbizzy52","473982253572026368"
25,"Giants ","WayneJr420","843292730074464256"
26,"Washington 50/50","Tbuford3165","548280730001842176"
27,"Cowboys","carlosmax04","553394209747333120"
28,"Green Bay Packers","waterworldwasok","459772795681763328"
29,"Browns = Toilet Bowl","mswift213","666142219866038272"
30,"In goff we trust  ","Wade38","719679458965024768"
31,"Seahawks","beaster303","711340236222828544"
32,"Arizona Cardinals","Mikel732","808438708641583104"
1,"Youth Movement","TStory15","567077537651130368"
2,"Chase Jam üêØ","tano33","558453983960223744"
3,"LL gang ","severts25","574093875429552128"
4,"Boats & Sendejos","SCFF","467083506447544320"
5,"üá¨üá≠ KING - MANN üáØüá≤","Herbzmann","188709209192275968"
6,"Demon  Llama ","ChrisMoore","580923454509854720"
7,"Habaneros ","TySegall","609817786394406912"
8,"Ball Deflators","sc00tt","674981372271611904"
9,"Old Guys","aahunt06","737503769033658368"
10,"leaves21","leaves21","588829471025442816"
11,"Defense Wins Championship","aldo216","650148989739569152"
12,"Mic27","Mic27","380930157583540224"
1,"Natural Born Kylers","debo9","692859730829312000"
2,"Am I Doing This Right?","weaselonin","727656957615382528"
3,"Tell Me Where It Hurts","AJ000","725439854468489216"
4,"TNT2172","TNT2172","727260706579247104"
5,"Jdmurphy2","Jdmurphy2","811393250354106368"
6,"Brannifannypak","Brannifannypak","334462804285222912"
7,"Look@ MyTDs","rickvanbuskirk","730596758509477888"
8,"areohbezee","areohbezee","609771258485223424"
9,"Lolominolo","Lolominolo","562473518567227392"
10,"Double EntAndres (C)","DreDay1991","635887073169059840"
11,"Wanna Trade? ","aldo216","650148989739569152"
12,"Orange Herbert","cmcmenomy","516074637789360128"
1,"BruteDion","BruteDion","457427568430149632"
2,"1.21 GigaWatt","Grims","459962934030757888"
3,"Claypool? Eh, Maybe","Mihow","457323351321341952"
4,"Making it hail with DIMES","rdotc5220","659857521044963328"
5,"Tha Bash Brotherz","r3dogg21","410283297948585984"
6,"bearnano","bearnano","680546763345555456"
7,"coolda","coolda","559150837542793216"
8,"aBstract","aBstract","73245622316449792"
9,"BossBailey","BossBailey","463130409027235840"
10,"mds1988","mds1988","384253716448067584"
11,"Jets","tsteelexii","79333807647768576"
12,"The Juice ","juicemandj","612917722040311808"
13,"aldo216","aldo216","650148989739569152"
14,"Flow","Flow","433749352079421440"
15,"Quantum Accelerator ","Planet_Express","603105760951468032"
16,"Covey Leader to Raven","PaulsArgonauts","429195070034411520"
1,"The real blacklist ","CruztoVictory","472464022415863808"
2,"TheInviz","TheInviz","744043224347365376"
3,"Chungus92","Chungus92","466342714972041216"
4,"nvarmy77","nvarmy77","541344882387591168"
5,"NYKDynasty","NYKDynasty","640628237029945344"
6,"WetheNorth780","WetheNorth780","660209235660988416"
7,"Sean17","Sean17","569945703944613888"
8,"jarwinisms","jarwinisms","603988300444786688"
9,"JUIRGA","JUIRGA","483823418840444928"
10,"The British Empire","JVargo","476057956777979904"
11,"aldo216","aldo216","650148989739569152"
12,"The Quad Squad","McmasterMike","562793020851978240"
13,"JohnnyDumbass","JohnnyDumbass","417016428235866112"
14,"marcuslea","marcuslea","608893813590659072"
15,"Kittle all work out","PristineIcon","480401805495234560"
16,"Musta been drunk","jkooper1010","677960429359702016"
1,"MARTIN D-35 DREADNOUGHT","aldo216","650148989739569152"
2,"Bakedbrownsfan420","bakedbrownsfan420","658002698502754304"
3,"bitbanger","bitbanger","595743935301750784"
4,"runouni","runouni","335253143476502528"
5,"ultraff","ultraff","867881987678076928"
6,"MWitt12","MWitt12","472449510228881408"
7,NA,NA,NA
8,"Trenton‚Äôs 1QB Cannon ü™Ñ","1WokeUpDangerous","435800650018713600"
9,"o Swifties","Krid15","658491927792009216"
10,"Rodney Ruxin","DrProcter1","459197851444965376"
11,"üí∞Daküí∞","Kleeve","599689235703853056"
12,"goodjenkins","goodjenkins","581933533807816704"
1,"1.01","_kozu","430028229227577344"
2,"bigharrywang","bigharrywang","74206915613573120"
3,"Quon with the Wind","paulywall","377644056836235264"
4,"conniecy23","conniecy23","694681842753794048"
5,"Nard dogz","jeremiah007","726929595445657600"
6,"Cunbert","Cunbert","602720580180975616"
7,"The Speed Racers","aldo216","650148989739569152"
8,"TSwift Fan Club","ihowardlin","79514978524479488"
9,"Giggity","vhiscu","198161076221648896"
10,"AaronGPFF","AaronGPFF","463797140875898880"
11,"Tis the Teezn","KevinP2506","733942048851398656"
12,"Fields of Dreams","Dustysmash","857868211356536832"
1,"Saiyanbuster","Saiyanbuster","609305839584493568"
2,"Bhart324","Bhart324","475653939723759616"
3,"Aclayton11","Aclayton11","409226179896156160"
4,"kpef33","kpef33","796913945251287040"
5,"gould11","gould11","703440345496637440"
6,"Kaiwabungaa","Kaiwabungaa","675401651544236032"
7,"ObiWanGenobi","ObiWanGenobi","387309075383406592"
8,"Krakoa","Krakoa","671078649335721984"
9," Mossed Myself Rebuild","aldo216","650148989739569152"
10,"TheBigBehemoth","TheBigBehemoth","467047412628713472"
11,"youngsimba","youngsimba","63785694535237632"
12,"l0rddavis","l0rddavis","201191922704846848"
1,"Justice League","aldo216","650148989739569152"
2,"ObiWanGenobi","ObiWanGenobi","387309075383406592"
3,"Not so youth movement","TheBigBehemoth","467047412628713472"
4,"Praise The SunGod!","Wolffman9","655974254046679040"
5,"The Underachievers","ctbbbb","488584784281333760"
6,"Kaiwabungaa","Kaiwabungaa","675401651544236032"
7,"Orphan Snatcher","Aclayton11","409226179896156160"
8,"Paydirt","GooRooo","470457042121781248"
9,"„Ää„ÄäThin Stacks„Äã„Äã","ThinStacks","590077840599330816"
10,"wordizbonson","wordizbonson","470758790224932864"
11,"Ridley me this","dabigbeast02","604626933191356416"
12,"Going Allen","Saiyanbuster","609305839584493568"
1,"Tampa Bay Buccaneers","BucOne","471054924243791872"
2,"Cincinnati Bengals","Urban__Meyer","603791219285372928"
3,"Seattle Seahawks","scottlandjames","463191083094896640"
4,"New Orleans Saints","FreezyPop","361276489628516352"
5,"Carolina Panthers üêà‚Äç‚¨õ","NotCamthersX2","209424245858500608"
6,"LA Rams","CoolEverett","463801885732630528"
7,"San Francisco 49ers","Pontarelli07","422279105979891712"
8,"Arizona Cardinals","PalmerTitties","732699630235693056"
9,"New York Football Giants ","RubeusHagrid","458904462526771200"
10,"Pittsburgh Steelers","flk23","470031683484119040"
11,"Miami Dolphins 15","Tbuford3165","548280730001842176"
12,"JustPassinThruX","JustPassinThruX","594743971863908352"
13,"Detroit Lions ","domsburner","604577025272926208"
14,"Baltimore Ravens","mailboxhead","209375410935304192"
15,"Atlanta Falcons","jimma33","684924225760358400"
16,"Chicago Bears","rayguys","584249152670576640"
17,"Green Bay Packers","italianhorse9","619430287985700864"
18,"Broncos","Swolemiller","397945225273675776"
19,"New England Patriots","JoniLoveChaChi","499324987228811264"
20,"Buffalo Bills","SMundog50","698020811956649984"
21,"Cleveland Browns","aldo216","650148989739569152"
22,"Tennessee Titans","depatieg","208261788641263616"
23,"New York Jets","Wazwimo","97416796516532224"
24,"KC Chiefs","Gcruz","457714994109214720"
25,"Houston Texans","DUNNWOOD","573547657955115008"
26,"Philadelphia Eagles  ü¶Ö","davethebull","309396564642627584"
27,"Minnesota Vikings","CMPMalden","820836159616843776"
28,"Jacksonville Jaguars","YoWeskimo","475016179191115776"
29,"Las Vegas Raiders","samoss84","736410654218543104"
30,"Los Angeles Chargers","LetsGoE","734568639444930560"
31,"Indianapolis Colts ","Titillating","444711770393669632"
32,"Washington Commanders","CreamyBoii","731213912040689664"
1,"Bhart324","Bhart324","475653939723759616"
2,"ObiWanGenobi","ObiWanGenobi","387309075383406592"
3,"6 pt .5 tep 120$ empire","COPE89","467180665419329536"
4,"MattUK49er","MattUK49er","649412049675333632"
5,"Kaiwabungaa","Kaiwabungaa","675401651544236032"
6,"$120 OUT","stanleychad","279816408622166016"
7,"So Much Moore","youngsimba","63785694535237632"
8,"aldo216","aldo216","650148989739569152"
9,"chrispalz978","chrispalz978","452939124320497664"
10,"Manager1","Manager1","610194018218905600"
11,"TheLouMoon","TheLouMoon","681984625580503040"
12,"FantasyFootballGuru","FantasyFootballGuru","453115197217828864"
1,"Run CMC","Wolffman9","655974254046679040"
2,"Burnie24","Burnie24","608105524050862080"
3,"NeoFlock","NeoFlock","600840449929834496"
4,"Aclayton11","Aclayton11","409226179896156160"
5,"That‚Äôs My Bike Punk!","FebtoberRush","469752736829665280"
6,"Scatbacks","Scatbacks","672576445909897216"
7,"My Kupp Runneth Over","LARamsFan79","794779849439961088"
8,"ObiWanGenobi","ObiWanGenobi","387309075383406592"
9,"aldo216","aldo216","650148989739569152"
10,"Bhart324","Bhart324","475653939723759616"
11,"FantasyFootballGuru","FantasyFootballGuru","453115197217828864"
12,"fineprint","fineprint","656714563298902016"
1,"DonRonMexico","DonRonMexico","344156722484654080"
2,"TheBigBehemoth","TheBigBehemoth","467047412628713472"
3,"1AIchemist","1AIchemist","691671771077763072"
4,"Bhart324","Bhart324","475653939723759616"
5,"kpef33","kpef33","796913945251287040"
6,"MoreMomEn","filifresh","539588205441425408"
7,"Burnie24","Burnie24","608105524050862080"
8,"aldo216","aldo216","650148989739569152"
9,"ObiWanGenobi","ObiWanGenobi","387309075383406592"
10,"DK Kong","Wolffman9","655974254046679040"
11,"gould11","gould11","703440345496637440"
12,"wordizbonson","wordizbonson","470758790224932864"
1,"Underdog","bitbanger","595743935301750784"
2,"1QB HeartAkers","1WokeUpDangerous","435800650018713600"
3,"Carnage","karnage976","655956269110239232"
4,"WaterDog Lance Hall day","drjeffa","657013133717643264"
5,"The CoMedians","BigBuck777","657348135777046528"
6,"16 2 87 - Dynasty","JM2DC16287","656809993537921024"
7,"Pipe Layer","PipeLayer9","467430398561873920"
8,"HolyTequila7","HolyTequila7","657413050508333056"
9,"Kryptonite","BallinBrett","439105815853395968"
10,"Gorgeous Picture ofUpside","aldo216","650148989739569152"
11,"Davidpatricksj","Davidpatricksj","472526366512771072"
12,"Bhart324","Bhart324","475653939723759616"
1,"sizzlechest","sizzlechest","106085867609014272"
2,"üëª","FatAzzar","463095797748068352"
3,"CrayFray","CrayFray","79034107212218368"
4,"CT","TheDealerIsBack","471718938078605312"
5,"JWilliams1306","JWilliams1306","705489039591038976"
6,"DannyCorless","DannyCorless","459468083564638208"
7,"Oh Lawd! ","eakeman24","461547436410662912"
8,"Aldo's All-Stars","aldo216","650148989739569152"
9,"Mitchmiester77","Mitchmiester77","429431984884830208"
10,"MajesticM","MajesticM","596067379163742208"
11," Yellow Jackets 40P","Tbuford3165","548280730001842176"
12,"Fresh Prince of Helaire","FiremanJoe","494934995371028480"
1,"TheBigBehemoth","TheBigBehemoth","467047412628713472"
2,"Kbizzy52","Kbizzy52","473982253572026368"
3,"Andy Reidiculous","dylanjharris","471174563598692352"
4,"goidness2","goidness2","667790114281304064"
5,"savethepigs","savethepigs","607749596885622784"
6,"aldo216","aldo216","650148989739569152"
7,"GooRooo","GooRooo","470457042121781248"
8,"NJNY CrossTOWN","bluegoodie","596778929646256128"
9,"itsdaniel13","itsdaniel13","462927871216709632"
10,"mbgutt","mbgutt","599425595524304896"
11,"AllThaSmoke","AllThaSmoke","462046411878297600"
12,"camelspoon","camelspoon","194158530171772928"
13,"codyleep1824","codyleep1824","515375974331736064"
14,"Super Chicken","ManFromDenton","79322057024094208"
15,"AveMaria","AveMaria","855330357136961536"
16,"MoultonLava08","MoultonLava08","584646309940600832"
1,"aldo216","aldo216","650148989739569152"
2,"6 pt .5 tep 100$ bb","COPE89","467180665419329536"
3,"$100 dynasty ","aambossman","471739206356430848"
4,"Alstott37","Alstott37","692899254368296960"
5,"MattUK49er","MattUK49er","649412049675333632"
6,"Thunder Gun Express","bigshot626","639218727941931008"
7,"youngsimba","youngsimba","63785694535237632"
8,"wordizbonson","wordizbonson","470758790224932864"
9,"ObiWanGenobi","ObiWanGenobi","387309075383406592"
10,"Zach Milfson ","kidrook","464501290802606080"
11,"jLingle","jLingle","693229043243360256"
12,"Practodamos","Practodamos","698251671549054976"
1,"Red Coats ","MattUK49er","649412049675333632"
2,"Team America; World Champ","aldo216","650148989739569152"
3,"Canadian Moose Knuckles","Scatbacks","672576445909897216"
4,"The U-Turn","TheBigBehemoth","467047412628713472"
5,"Minutemen","KDubTheMagnificent","709915790752698368"
6,"BAtwater","BAtwater","444984888488095744"
7,"1WokeUpDangerous","1WokeUpDangerous","435800650018713600"
8,"DaTruth1995","DaTruth1995","339287824681410560"
9,"GooRooo","GooRooo","470457042121781248"
10,"theOffice superiors","TheLouMoon","681984625580503040"
11,"Vancouver Fluties ","xian","342365612665810944"
12,"BoCallahan","BoCallahan","391365720933453824"
1,"FantasyFootballGuru","FantasyFootballGuru","453115197217828864"
2,"$150","stanleychad","279816408622166016"
3,"Aclayton11","Aclayton11","409226179896156160"
4,"filifresh","filifresh","539588205441425408"
5,"Grrmighty","Grrmighty","653074029627944960"
6,"TheLouMoon","TheLouMoon","681984625580503040"
7,"Defalco","Defalco","693191643301470208"
8,"ObiWanGenobi","ObiWanGenobi","387309075383406592"
9,"aldo216","aldo216","650148989739569152"
10,"Joshing Around","Wolffman9","655974254046679040"
11,"l0rddavis","l0rddavis","201191922704846848"
12,"Sean17","Sean17","569945703944613888"
1,"ObiWanGenobi","ObiWanGenobi","387309075383406592"
2,"Chasing Greatness","JNAx17","650072703323168768"
3,"greenwinters","greenwinters","792259412457824256"
4,"Savior ","deats2020","643288630344896512"
5,"bitbanger","bitbanger","595743935301750784"
6,"The Daddys","maxwellsilverwatch","432341040716853248"
7,"l0rddavis","l0rddavis","201191922704846848"
8,"fineprint","fineprint","656714563298902016"
9,"Bhart324","Bhart324","475653939723759616"
10,"youngsimba","youngsimba","63785694535237632"
11,"Smell My Pitts","Grrmighty","653074029627944960"
12,"Cleveland Fusbol","aldo216","650148989739569152"
1,"ObiWanGenobi","ObiWanGenobi","387309075383406592"
2,"Mcdad","ItsMeSulz","715282290992803840"
3,"TheBigBehemoth","TheBigBehemoth","467047412628713472"
4,"jmtudor913","jmtudor913","731245034296418304"
5,"Shaboom805","Shaboom805","728724496248311808"
6,"$80","stanleychad","279816408622166016"
7,"filifresh","filifresh","539588205441425408"
8,"6 pt .5 tep 80$ bb","COPE89","467180665419329536"
9,"nachoverde","nachoverde","470424893008113664"
10,"Catch 22","timmers18","602005095554551808"
11,"Go Oilers","Ben_69","710234409659367424"
12,"The League's Farm System","aldo216","650148989739569152"
1,"ObiWanGenobi","ObiWanGenobi","387309075383406592"
2,"aldo216","aldo216","650148989739569152"
3,"It Hurts to Waddle","Domination187","650180407031074816"
4,"Bhart324","Bhart324","475653939723759616"
5,"CamelJoe","CamelJoe","656706154520489984"
6,"6 pt 0 tep 160 big ones","COPE89","467180665419329536"
7,"Aclayton11","Aclayton11","409226179896156160"
8,"No Playoff Lenny","filifresh","539588205441425408"
9,"$160 dynasty","aambossman","471739206356430848"
10,"Mayor of Starkville","Kleeve","599689235703853056"
11,"üí∏160üí∏","IamKayserSoze","442736314064826368"
12,"PutTheKittleOn","MattUK49er","649412049675333632"
1,"Most Significant BIT","bitbanger","595743935301750784"
2,"BITter Sweet Symphony","aldo216","650148989739569152"
3,"The Blockchain Gang","HolyTequila7","657413050508333056"
4,"A Bit of Karnage","karnage976","655956269110239232"
5,"BTC ‚ùå= Crypto BTC4EVA","1WokeUpDangerous","435800650018713600"
6,"TRON Empire","BigBuck777","657348135777046528"
7,"BIT(ter) Business Bureau ","DWilliams","331873497661837312"
8,"ACL Rehab Clinic","Prophet93","668380196587536384"
9,"Lake Michigan Miners","ajmuzzin","442746249074962432"
10,"DoubleTap üíÄ","DoubleTap7798","673058459607990272"
11,"No Cooks in the Kitchen ","MrB0603","683239452306407424"
12,"Hodl on BTC 10 sats 1stüåï","agrakush","465934519652839424"
13,"Smells Like BITch In Here","ZUCommish","434004306945896448"
14,"LASER EYES NATION üö©","MadMattE","578416585492975616"
1,"Kiss My McManus","PBAndJabes","72852810211147776"
2,"Civil Life","AndyPasta","443945423879532544"
3,"Mighty Ducks","Maxandcheese43","657312663994478592"
4,"Heelsfan","Heelsfan","407683078543134720"
5,"jprnchrist","jprnchrist","435299447539232768"
6,"I <3 ETN Boutte","Sl1ckw1lly","786790297035235328"
7,"Alcohooligans","Alcohooligans","520718513207615488"
8,"aldo216","aldo216","650148989739569152"
9,"Lovejoy - Rampage üçª ","Rampage46","518986861634473984"
10,"Pimpleton my ride","christopolees","539891748719095808"
11,"Citra A$$ Down","TeamHalvorsen","518555310594179072"
12,"Jbrill123","Jbrill123","520811449333972992"
1,"aldo216","aldo216","650148989739569152"
2,"mufasa007","mufasa007","738116752151568384"
3,"Step Burrow, im stuck ","DrManhattan","575883060105572352"
4,"NoAcl","NoAcl","338121572172693504"
5,"RaisingZabar","RaisingZabar","595838306017669120"
6,"TNT2172","TNT2172","727260706579247104"
7,"BrendenH","BrendenH","544200275311587328"
8,"Mbeck1602","Mbeck1602","645016768095543296"
9,"LenyintheSkyywithDiamonds","Snowdrift","781745801843064832"
10,NA,NA,NA
11,"Ruxin12","Ruxin12","771905206924468224"
12,"LALAMS805","LALAMS805","781782703572922368"
1,"","Goresmyhero","474787485428215808"
2,"abillings","abillings","341087626360565760"
3,"AceUpMeSleeve","Paulthekid","541752557542461440"
4,"Murderous Soup","Cruzs","468683458999218176"
5,"RonSwanson44","RonSwanson44","534875419586797568"
6,"tnsullivan05","tnsullivan05","330416158870085632"
7,"ballsdeepfantas","ballsdeepfantas","381971174260797440"
8,"Tight End of the World","aldo216","650148989739569152"
9,"goodjenkins","goodjenkins","581933533807816704"
10,"McmasterMike","McmasterMike","562793020851978240"
11,"UnpolishedTurd","UnpolishedTurd","680210056876191744"
12,"johnnyutah41","johnnyutah41","730627183374106624"
1,"TheMudHens","TheMudHens","556137721923207168"
2,"HeWhoKills","mindkrym","384208705396305920"
3,"Davimitch97","Davimitch97","461343671757828096"
4,"Spano15","Spano15","338357062582951936"
5,"bspills","bspills","470439063707447296"
6,"primjuice","primjuice","469725708843741184"
7,"Benadick","Benadick","554098654842785792"
8,"TimB7","TimB7","466710679957532672"
9,"ChiBears45","ChiBears45","855252454231613440"
10,"EdsBackpack","EdsBackpack","472035634760904704"
11,"aldo216","aldo216","650148989739569152"
12,"The Wet Bandits","TJGrimeyy","596553219094659072"
1,"Bhart324","Bhart324","475653939723759616"
2,"aldo216","aldo216","650148989739569152"
3,"DirtyRhubarb","DirtyRhubarb","786063500064997376"
4,"Defalco","Defalco","693191643301470208"
5,"GiovanniRC","GiovanniRC","709120099411378176"
6,"greenwinters","greenwinters","792259412457824256"
7,"Defending Champ","Jmey5","464449403826991104"
8,"fatherwhale823","fatherwhale823","606617645143379968"
9,"TheDutchDynasty","TheDutchDynasty","697751939391246336"
10,"Yari‚Äôs Autonomics ","JackPowers","608413297519169536"
11,"Starwberry Herbert","timmers18","602005095554551808"
12,"ObiWanGenobi","ObiWanGenobi","387309075383406592"
1,"goodjenkins","goodjenkins","581933533807816704"
2,"Da ManBearPigs","thekev69","599921538828926976"
3,"AK6rider","AK6rider","325861597597663232"
4,"The Replacements","McmasterMike","562793020851978240"
5,"P - 1","TheDealerIsBack","471718938078605312"
6," Chicago Beers","JBaenen","567543904188628992"
7,"Drinking 0-17 TequiLAWs","aldo216","650148989739569152"
8,"","2HeadedBoy22","476729203119616000"
9,"Trade Block 4 Attention ","whenbozmetbo","384400817240686592"
10,"Slayer of Kevys","Grims","459962934030757888"
11,"For The Boys ","AMoog","563090689768841216"
12,"Malleable Turd","TheJetSon","577715487950020608"
1,"Chase Jam","SStory93","465995740431249408"
2,"tadair13","tadair13","328674244391088128"
3,"Andrew3477","Andrew3477","450618537002659840"
4,"Mr. Freak","aldo216","650148989739569152"
5,"goodjenkins","goodjenkins","581933533807816704"
6,"I Fields It in My Bones","Kleeve","599689235703853056"
7,"The Noon Nightmare","Noonundo","457651459496865792"
8,"dnowak21","dnowak21","465965804781826048"
9,"Javonte‚Äôs Inferno/Rebuild","AndrewE","465970270214025216"
10,"Large Chubb Club ","twillcox94","422943612007878656"
11,"David91R","David91R","553262899126394880"
12,"Bilbo Dobbins ","ObiWanKeJoeBi","553279921989537792"
1,"stanleychad","stanleychad","279816408622166016"
2,"DownunderEagle","DownunderEagle","562055743272710144"
3,"","izNotoriousiz","617978590180511744"
4,"aldo216","aldo216","650148989739569152"
5,"bkoh","bkoh","784872761553219584"
6,"SuckedForLuck","SuckedForLuck","736378380685062144"
7,"9th Place Game","McFresh","471199066429059072"
8,NA,NA,NA
9,"kidprosper","kidprosper","207744649543024640"
10,"Jones Jones Jones Jones","RiverboatDave","462028117192470528"
11,"cdyroff","cdyroff","576648052547293184"
12,"NeoFlock","NeoFlock","600840449929834496"
1,"NJDeviLL","NJDeviLL","574722608504483840"
2,"Balt/Chicago--Balt/Den","Game-of-Thrones","468914029348253696"
3,"Rub my Chubb","TDog64","742220393695346688"
4,"Gord56","Gord56","723721972516741120"
5,"Nelly1","Nelly1","723414698690699264"
6,"Gklebaum","Gklebaum","735219700711170048"
7,"Trey & The Killa K‚Äôs","datboyrio73","518964966025744384"
8,"Kbizzy52","Kbizzy52","473982253572026368"
9,"NJ-NY CrossTOWN","bluegoodie","596778929646256128"
10,"JohnnyRoss23","JohnnyRoss23","725546461206482944"
11,"cgocray","cgocray","829228800540807168"
12,"House of Champions","HouseKinnaman","576248885461848064"
13,"RiverboatDave","RiverboatDave","462028117192470528"
14,"Titan68","Titan68","606682442631311360"
15,"mbgutt","mbgutt","599425595524304896"
16,"aldo216","aldo216","650148989739569152"
1,"zauper","zauper","85488797743464448"
2,"matthewmcconville354","matthewmcconville354","438541152199634944"
3,"RiverboatDave","RiverboatDave","462028117192470528"
4,"Lannister Lions ü¶Å ","TyrionLannisterIsGod","596857056544210944"
5,"davethebull","davethebull","309396564642627584"
6,"Moore Mooney No problem  ","AlexS19","659912564683124736"
7,"CPA31","CPA2021","716890313033064448"
8,"TNT2172","TNT2172","727260706579247104"
9,"Lamar You Not Entertained","aloocurry","620030048228950016"
10,"jujusauce","jujusauce","471866918354022400"
11,"aldo216","aldo216","650148989739569152"
12,"Skol78","Skol78","402200383587385344"
1,"InLuvWitDaCocoa","InLuvWitDaCocoa","438829073758679040"
2,"bluther18","bluther18","623293846570250240"
3,"smallspencer","smallspencer","729054951875153920"
4,"Dewolfeizonfire","Dewolfeizonfire","578045616731500544"
5,"aldo216","aldo216","650148989739569152"
6,"Colville","Colville","368858564716052480"
7,"Fantasymartyr","Fantasymartyr","201499671250599936"
8,"Killaeagle33","Killaeagle33","414929469317332992"
9,"seanengland11","seanengland11","339240706935627776"
10,"Play in","dawgs2121","467005434289451008"
1,"izzydiaz413","izzydiaz413","646556530786918400"
2,"Suttonmyface313","Suttonmyface313","434595332748210176"
3,"Festa912","Festa912","701964746399768576"
4,"moemoe7144","moemoe7144","606628071889514496"
5,"wildestmack","wildestmack","609061950994833408"
6,"RB's: We Have The Meats!","Titchbits1990","727363228564271104"
7,"ASS ETN SZN","gazkh","736031718036848640"
8,"ismellcap1","ismellcap1","475061788832952320"
9,"Kupp yo bitch","nickde32","710529717345779712"
10,"$10 ReDraft","Druski360Trades","739554117080461312"
1,"Gulan17","Gulan17","311299681659396096"
2,"FFGriffin","FFGriffin","770443553905160192"
3,"Hocks n Jocks ","demo7777","684578946603380736"
4,"8 Niggas 1 Kupp","sean4hero","646952500808826880"
5,"rushiamin","rushiamin","720364500607401984"
6,"moemoe7144","moemoe7144","606628071889514496"
7,"Dooley87","Dooley87","464649524623699968"
8,"jerejere2710","jerejere2710","734856576715886592"
9,"jimmyjuff69","jimmyjuff69","603132692388708352"
10,"ImpatientBuddha","ImpatientBuddha","732641892965183488"
1,"izzydiaz413","izzydiaz413","646556530786918400"
2,"Tee Time","JaredGlo","464842790245756928"
3,"Bankss13","Bankss13","857100123103158272"
4,"ismellcap1","ismellcap1","475061788832952320"
5,"KoreyDro","KoreyDro","732972657414361088"
6,"McJiggle","McJiggle","443230073571504128"
7,"moemoe7144","moemoe7144","606628071889514496"
8,"Zay2403","Zay2403","438506447861444608"
9,"MahomeBoy93","MahomeBoy93","726555466552926208"
10,"EndZoneKilla","EndZoneKilla","556073486570704896"
1,"Najees In Paris","drewkeely","677619046576893952"
2,"jedi_master","jedi_master","741527150531891200"
3,"QAxe52","QAxe52","652960754496024576"
4,"EOD18222","EOD18222","486410042610806784"
5,"stew35","stew35","431652384737873920"
6,"Gulan17","Gulan17","311299681659396096"
7,"moemoe7144","moemoe7144","606628071889514496"
8,"l0rddavis","l0rddavis","201191922704846848"
9,"Londinium","Londinium","717005719886458880"
10,"stevenbeale","stevenbeale","472633291757842432"
11,"FatDubzV2","FatDubzV2","736764532709519360"
12,"RawDoggers","RawDoggers","76616359366508544"
1,"KLo24","KLo24","456634385454592000"
2,"JayceeBucs","JayceeBucs","568861782891962368"
3,"drewmoore42","drewmoore42","652598928063143936"
4,"Seanreeves","Seanreeves","466770085709606912"
5,"jjasonk","jjasonk","731291427060948992"
6,"thebeastm0de","thebeastm0de","551844302305329152"
7,"mambamentality89","mambamentality89","652584901807267840"
8,"DELETED-Ze3J76jkbW6G","DELETED-Ze3J76jkbW6G","820555815168651264"
9,"The Main Shyt Stain","WashedSenpai","438048539466002432"
10,"WillyVanilly","WillyVanilly","456680438451138560"
11,"moemoe7144","moemoe7144","606628071889514496"
12,"NotSoLilRicky","NotSoLilRicky","459580478010159104"
1,"Oklahoma Sooners","georgewickson","829056917539225600"
2,"Rugters Scarlet Knights ","BobaFett215","831752143982686208"
3,"Temple Owls","Retrowise","830618210796699648"
4,"UNLV Rebels","UchihaClan110","760948031523770368"
5,"UCSC Banana Slugs","DELETED-Ze3J76jkbW6G","820555815168651264"
6,"Penn State Nittany Lions","MattyIce31","471906087587540992"
7,"Florida State Seminole","xmemeti0223","606886766468722688"
8,"Arkansas Razorbacks ","LooseCannon22","832864939008950272"
9,"OSU BUCKEYES","moemoe7144","606628071889514496"
10,"Alabama Crimson Tide ","JoshLovesSaquon","735732352554258432"
